title,abstract,link
沖縄の国政参加の実現過程,本稿は、日米両政府の交渉過程と日本側の立法過程から、沖縄の国政参加の実現過程を明らかにするものである。  　アメリカの施政権下にあった沖縄の住民は、自らの代表を日本の国会に送ることができず、国政参加が沖縄住民の強い要望となっていた。    アメリカ政府は、沖縄の問題が国会に持ち込まれ、日米間に新たな政治的問題が生じることを恐れ、沖縄の国政参加に反対していた。しかし、このようなアメリカの考えは、琉球政府主席公選を受け変化する。アメリカ政府は、沖縄自民党から立候補する西銘順治を支援するため、表決権を与えないという限定を設けた国政参加を容認した。日本側は、国内で国政参加問題が盛り上がったことや、西銘支援のため、アメリカ側の提示した国政参加案に同意した。これにより、日米両政府は、1968年10月9日に開催された日米協議委員会で国政参加の合意を発表した。  　しかし、国政参加の実現は遅れた。日本国内の野党は沖縄代表に完全な権限を付与することを主張し、日米の合意を批判した。これに対し、内閣法制局は、アメリカの施政権下にある沖縄から選出された代表を、憲法の定める国会議員として扱うことは困難との認識を示した。自民党は野党と共同で法案提出を目指したが、与野党の懸隔は埋まらず、1969年中の国政参加実現は断念された。  　このような状況は、1969年11月に1972年の沖縄の施政権返還が合意されたことで変化する。内閣法制局は、返還合意によって沖縄の地位に変化が生じ、国会が認めれば表決権付与も可能との考えを示した。アメリカ政府も内閣法制局の態度が変化し、日本国内で表決権付与が大勢となったことを受け、表決権付与を黙認した。自民党内には、表決権付与に異論が存在したが、政府・与党首脳部は異論を押し切って、沖縄の国政参加法案を推し進めた。これによって沖縄の国政参加が実現したのである。,https://doi.org/10.24471/shigaku.132.1_42
新四国借款団の結成と満蒙問題,本稿の目的は、満蒙問題に注目し、新四国借款団の結成過程における日本の国際関係や対中国政策の特質を再検討することである。本稿の視角は以下の三点である。第一に、旧借款団（六国借款団を起源とする）と新借款団との関係である。第二に、旧借款団の中心的な存在であったイギリスの動向である。第三に、日本国内の政策主体の相互関係である。  　原敬内閣は、満蒙を地域として新借款団の事業範囲から除外する概括主義を閣議決定した。シベリア出兵が行われているなか、特に田中義一陸相は日本の国家的前途という観点から満蒙の重要性を説明し、概括主義を主張した。原内閣は英米に満蒙の概括的除外を要求した。これに対し、英米はともに日本の要求に反対した。しかし、「勢力圏」認識に基づき、イギリス外交は次第に方針を転換し、日本と満蒙との特殊な関係に理解を示すようになった。   　しかし、原内閣は新借款団への参加を正式に決定しなかった。なぜなら、同時期にイギリス政府は500万ポンド借款を提案し、この借款の条件のなかに寺内正毅内閣の支援によって創設された中国の参戦軍を解散することが含まれており、日本陸軍の反発を引き起こしたからであった。イギリス外交は新借款団結成の遅延を懸念し、参戦軍の解散を500万ポンド借款の条件から撤回した。その結果、原内閣は満蒙の概括的除外を譲歩した一方、「満蒙の鉄道利権」を新借款団の事業範囲から除外するように主張した。英米は日本の要求を認めることはできず、結局、日本が洮熱鉄道を提供することで妥協した。   　日本が新借款団に参加する際、国外ではイギリスによる日本と満洲との特殊な関係の承認、国内では陸軍の利害関係が重要な判断基準となっていた。特に後者は、旧借款団の結成時と比較すると、特徴的である。また、原内閣は国際協調をとりつつも、中国情勢の変化にともない、干渉政策を実施していたのであった。,https://doi.org/10.24471/shigaku.132.1_1
清末民初上海県の土地管理制度,清代、「田単」「方単」と呼ばれる地券が、所有の証拠として土地の所有者に発給されることがあったが、この事実は、民間に対して無関心であったという当時の公権力像や、個人間の取引において公権力の保証に絶対性がおかれないという民間社会像に対して、再考の余地を与えるものであろう。本稿は、咸豊五（1855）年行われた「清糧」の際に「執業田単」（「田単」）なる地券を発給した上海県に焦点を当て、同県の土地管理制度の理念と実際を明らかにする。 　咸豊五年に発給された田単は、土地の所有の保証、所有の移転についての公証、田賦（土地税）負担者の表示の三機能を有しており、田単に書かれた名義や土地面積は、所有権の移転の際に、県署で魚鱗冊（土地台帳）の情報とともに書き換えられることになっていた。すなわち、田単は、土地の来歴の証明という、私契が持つ役割を代替するように設計されていた。清代の公権力が、通説のごとく民間における土地所有者の把握に消極的であったかは、再考の余地があろう。 　しかし、ニセ田単が流通したことで官民における田単への信頼は低く、また、県署の胥吏は流通する田単の真贋の見分けができなかったことなどから、本来行われるべき田単への新情報の追記が行われなかった。本来田単が持つはずであった三機能を担ったのは、田単の真贋の鑑定能力を持ち、田単への土地面積への追記を行った地保であった。地保は、土地売買に常に立ち会うことで、坐落・面積・原所有者名・田賦負担者名・実際の所有者を把握し、田単の運用理念を表面的、部分的に実現させた。上海県の構想は失敗に終わったが、民間における土地所有・売買の慣習に、地保による保証という要素を付加する結果となった。,https://doi.org/10.24471/shigaku.131.12_38
春秋時代の「人」,殷周史における社会構造の解明は、国家形態を論じる上でも重要な課題である。春秋期に関しては、社会構造に関連する邑の氏族制的側面として、『春秋左氏伝』（『左伝』）に見られる「国人」や「＜国号＞人」がいかなる存在であるかが注目されてきた。これまでの研究では、この両者が同一の存在として捉えられることが多かったが、今回の検討を通して、同じ文脈で語られる記事では、「国人」と「＜国号＞人」とが書き分けられている点を見出した。 「国人」は、春秋初期においては、先君や現君の「同族」以外の「同宗」たる傍系公族を示しており、それが異姓をも含む人々へと、次第にその範囲が広がっていったが、春秋末期まで基本的に国都内の人に限定されていた。一方、「＜国号＞人」は、春秋初期においては、異姓をも含む「国人」よりも広い範囲の人々を示していたが、次第に国都内の居住者を示しつつも、力役を担う「民」の一部とも重なるようになり、春秋末期では、国都外の人をも示すようになった。 また、出土文献である清華簡『繋年』に見える「人」についても検討したところ、『繋年』では「国人」が１例もなく、もっぱら「＜国号＞人」で記されている点が見出された。「国人」が見えない点については、国際関係の叙述を旨とする編纂方針に絡んでいると考える一方、『繋年』の「＜国号＞人」は、『左伝』のような特定の集団というよりも、「＜国号＞に属する人」の意味しか持たせていない点が明らかとなった。このことは、『左伝』の「＜国号＞人」が春秋末期になると、国都外の人をも示すようになる変化に繋がるものであった。 「国人」と「＜国号＞人」とが異なる人々を示していたとすれば、論じるべき課題は多々あるが、新たな出土文献の出現により、伝世文献では見出すことの難しかった歴史的な展開を明らかすることができたのである。,https://doi.org/10.24471/shigaku.131.12_1
二〇世紀初頭の渤海・黄海海域における領海制度と漁業紛争,日露戦争は東アジア海域における国際秩序の変動を引き起こした。一九〇六年から一九一二年まで発生した日中韓漁業紛争は渤海・黄海海域における日中間の漁業協定を成立させるとともに、領海を根拠とする漁業管理を促した。本論は、渤海・黄海海域における漁業紛争を焦点として、領海制度の運用実態を考察した。 環境条件に適合した漁法を用いながら、中国人漁民は渤海や黄海の広範囲に出漁した。朝鮮半島沿岸や鴨緑江下流域において、彼らは朝鮮人住民と交流と対立の入り交じる関係性を形成していた。 一九〇九年、統監府は韓国漁業法を施行し、日本海軍と共同で沿岸監視の方針を作成したことで、領海を制度的根拠とする漁業管理体制を成立させた。中国人漁民は韓国領海への侵入を許可されなかったため、朝鮮半島沿岸から排除された。その上中国人漁民と朝鮮人住民が引き離され、彼らの社会的関係も分断に追い込まれた。一方鴨緑江周辺では漁業紛争が慢性的に発生しており、一九二〇年代半ばには領海と公海の境界線が骨抜きにされる事態に至った。 一方渤海では中国領海の範囲が不安定なままだった。関東州内の中国人漁民に対する管轄権が日本にあるのか中国にあるのか定まらなかったため、彼らは抑圧的な境遇に置かれた。彼らは日本と中国の領海から排除されながら、双方の徴税を受けたのであった。ただし彼らには漁業管理の隙を突く余地が残されてもいた。 渤海・黄海海域において東アジアの国々は自らの領海を統治しようと試みたものの、漁業紛争によって成功しなかった。領海を制度的基礎とした東アジア海域における漁業管理は一九二〇年代を通してもなお不安定な状態に留まり、日中の出先機関は漁業紛争に対して妥協的な解決方法の模索を余儀なくされた。国家の領域が曖昧になることで、東アジア海域では中央政府の管理が届きにくい領域が作り出されたのであった。,https://doi.org/10.24471/shigaku.131.11_66
大正期における「心霊」と「科学」の位相,現代において、「心霊」は「科学」の対極に置かれ、「科学」の名の下に疑われ、公の場から排斥されるものとなっている。こうした思考は大正期に刊行された変態心理学の専門雑誌『変態心理』において既に確立していた。従来の研究では、『変態心理』が変態心理学の「専門家」としての立場から、在野の心霊研究家や大本教のような「非専門家」を批判し、「知」の線引きを行う役割が指摘されてきた。本研究では『変態心理』が相対していたもう一つの「非専門家」である読者の視点から両者が主張する「科学」を捉え直すことで、これまで前提とされてきた「心霊研究（サイキカル・リサーチ）」と「心霊主義（スピリチュアリズム）」という二項対立では見えてこない共通点を指摘した。 一つ目は、死後霊魂に対して肯定的、あるいは否定的という根本的な立場を異にしながら、共に「科学」に依拠し、「心霊学」や「心霊研究」を自称していたことである。この意味で、「心霊研究」は変態心理学者の専売特許ではなかった。もちろん、両者が掲げる「科学」は同義ではなく、肯定論者の場合はオリバー・ロッジの影響を受けた「科学」という名の思想に依拠していた。他方で『変態心理』が依拠する科学もまた、「虫の知らせ」に対してはSPRの研究をもとに「精神感応」という科学的な粉飾を施しながら、その神秘性を容認してしまった。そのため、両者には合流地点が生じ、そこに神秘的なものを希求する人々が集う、という状況が大正期になって起こる。 ここに二つ目の共通点がある。すなわち、いずれも当時の大衆文化に立脚していた点である。それまで知識人によって専有されていた「知」が『変態心理』のような雑誌によって拡散し、それが他の新聞や雑誌によって消費されるという特異な状況が起こっていた。『変態心理』や変態心理学における心霊に関する「知」そのものが、こうした「知の大衆化」と不可分の関係にあったのである。,https://doi.org/10.24471/shigaku.131.11_40
満洲事変後における日本の対中経済外交と実業界,本稿では、満洲事変以後に展開された日本の実業家による「民間外交」を分析し、当該期における対中経済外交の変容の一端を明らかにする。具体的には1930年代の南京国民政府による対日関税改定を受けた日本人実業家の運動に着目し、その認識と行動を日本外務省による政策との関連を踏まえて検討した。 　1933年5月に宋子文財政部長の主導で対日関税が引き上げられると、日中貿易における地位の低下に直面していた上海に拠点を置く日本人実業家は危機意識を強めた。彼らは中国問題に関する有力経済団体である日華実業協会と協力しつつ、「浙江財閥」との提携を進めることで、苦境を乗り越えようとした。他方、日中の政府間交渉の行き詰まりに直面していた日本外務省も、浙江財閥が国民政府に与える影響力に期待し、民間の経済提携に期待を寄せた。以上の動きは日中の実業家団体である日華・中日貿易協会の設立（1936年2月）に結実し、翌年にかけて両者の人脈を利用した日中関税交渉が実現した。同時期に日本の華北分離工作が進展してゆくと、英国が提示した宥和策に親和的な姿勢を示す協会と、日中提携を重視した外務省との立場の差異も明らかとなったが、外務省の方針に沿うかたちで交渉は行われた。 　以上のように、満洲事変以後、日本人実業家による対中外交への関与のあり様は変容をとげていった。日華・中日貿易協会の中心となった実業家層は、華中における経済活動の再興を目指した組織・政策の構築を進めてゆき、政府間交渉の行き詰まりに直面していた外務省は、政策的な相違をはらみつつも、その活動を外交手段のひとつとして位置付けるようになったのである。,https://doi.org/10.24471/shigaku.131.11_1
大正期日本外務省の対外宣伝,本稿では、日本外交史研究で「新外交」呼応策として言及されながら実証の不十分だった外務省による「宣伝外交」の実態を、ワシントン会議［華府会議］を例に解明する。そして、第一次世界大戦期から華府会議期に至る対外宣伝の展開を、日本外交史の中に位置づける。 第一章では前史として第一次世界大戦中の対中国宣伝を述べる。在上海総領事により創設された「東方通信社」［東方］は、反帝制運動に乗じて中国での宣伝基盤を作った。だが内政干渉政策と密接する漢字新聞中心の宣伝は大戦後に裏目に出た。 第二章ではパリ講和会議後の対外宣伝を見る。外務省は、日本の「公明正大」な対中政策をどう米国に示し、他方「誤解」の源とされる中国内の報道にどう対抗するかという観点で宣伝策を再検討した。1920年4月発足の情報部は、在中国の米国人経営紙に対抗するべく英字新聞を強化し、「東方」を直轄化した。一方ドイツによる戦時「プロパガンダ」の記憶が色濃い米国では、原敬首相の対米外交を支える埴原正直や幣原喜重郎が現地宣伝機関設置案を却けた。この対照的な対中・対米宣伝方針は華府会議でも継承された。 第三章では華府会議期の宣伝を、情報部・「東方」・日本全権［全権］に着目して論じる。日本の一般方針は国際的信望の増進で、情報部第一課は｢東方｣支社発の中国関連情報を全権へ提供した。また「東方」華府特派員は在中国支社へ会議の模様を伝え、「東方」調査部は同特派員の取材をもとに雑誌を刊行した。また情報部第二課は政府首脳と欧米人記者の会見を所管した。一方全権は、東京との電信遅延や、会議の開放性を求める米国輿論に応じるため、主体的に欧米人記者へ会談・会見を開いた。 以上より当該期の外務省は、対中宣伝では「東方」の機能を拡充し、一方米国では期待された公明な情報発信を行うことで、中国での排日情勢の抑制と、米国が抱く「旧外交」的な日本像の刷新を図ったといえる。,https://doi.org/10.24471/shigaku.131.10_24
啓に関する基礎的考察,本稿は、七・八世紀の日本における啓という文書様式について、史料中の「啓」という語句の分析を手懸りに、中国における啓との比較を通じて検討したものである。 まず日本の史料をみると、「啓」は『日本書紀』本文や風土記では天皇以外に、『書紀』分註や天寿国繡帳銘では天皇にのみに用いる語句であり、ここからそれぞれの成立時期における啓の機能に差違がみいだせる。次に中国の啓は、六朝時代では公私問わず皇帝をも対象にできる汎用の上申文書（六朝的な啓）であり、唐代では皇帝以外に奉ずる文書（唐的な啓）であった。これにより、日本で天皇に「啓」を用いるのは六朝的な啓の影響で、天皇に「啓」を用いないのは唐的な啓の影響と考えられる。つまり、日本では六朝から唐的な啓へという転換が起きていたのである。また、東アジアにおける八世紀の啓をみると、啓は君主以外に奉ずる文書と言える。その機能に従って渤海は日本に啓を用いたが、日本は啓の機能を知りながら強引に渤海を朝貢国とする対応をとっており、日本の対渤海外交の方針が窺える。 　また、七世紀の文書木簡における啓は汎用の上申文書としての性格が窺え、これも六朝的な啓の影響が考えられる。啓は当時の状況に適した文書様式として受容され、文書行政を展開するための先駆的な役割を果たしていた。 このように七世紀は六朝的な啓が用いられていたが、大宝令施行によって唐的な啓への転換が起こり、公式令啓式条などにみえるように、啓は天皇以外に奉ずる文書となった。一方、公式令の範囲外では六朝の要素が残存しており、唐の啓と完全に同質となったわけでは無かった。とはいえ、啓の転換の結果、天皇に上申するための文書様式は、表・奏という天皇に上申するため「だけ」の文書様式となり、啓の転換は文書様式上における天皇の地位の可視化を意図していたと言えよう。,https://doi.org/10.24471/shigaku.131.10_1
犬養毅総裁期政友会の行政制度設計,戦前日本最後の政党内閣である犬養毅内閣は、「各省割拠」を統合するべく国策審議会の設置を計画した。だがこうした制度的統合機能は、本来政党内閣に必要のないものであった。同一の政見をもつ政党員で内閣を構成することで、明治憲法体制の割拠性を克服できると考えられていたからである。 本稿は、政党が統合主体となるための「条件」であった「政党化」による統合方針が挫折し、「各省割拠」が顕在化するなかで、戦前日本の二大政党の一翼である立憲政友会が、制度的統合へと転換せざるを得なくなる過程とその必然性を解明するものである。その際の補助線として、山本条太郎の行政改革構想という分析視角を用いる。 高橋是清内閣期の政友会は、事務の「能率増進」を目的に省を増設するとともに、「政党化」と行政整理を断行するという統合方針を示した。ところが、加藤高明内閣で確立された「政務・事務の区別」の原則はこの方針にとって障害となる。田中義一内閣は、国務大臣を中心とする「責任政治」の原則のなかで統合を模索したが、当該期に激化した「党弊」批判を前に、政友会は統合方針の転換を迫られた。 そのため犬養総裁下の政友会では、事務官の身分保障を前提とした統合方針への転換がみられる。また、「国務大臣の行政長官化」が進行し「各省割拠」が問題化するなかで、省廃合により統合を容易化する試みがなされ、それは反対党である第二次若槻礼次郎民政党内閣の行政改革構想とも共鳴するものであった。 だが、省廃合断行を試みた若槻内閣は、まさに「国務大臣の行政長官化」の構造により挫折する。ここにおいて、政友会は国務大臣中心の統合を断念し、制度的統合へと転換する。それは「憲政常道」を前提にしながらも「責任政治」とは異なる統合論理に立脚した構想であり、政党内閣を要請する蓋然性を低下させるものであった。以上から、政党政治と挙国一致内閣期の結節点として国策審議会を位置づけた。,https://doi.org/10.24471/shigaku.131.9_47
明治期における在清日本郵便局の展開,本稿は、研究史上十分に取り上げられてこなかった在清日本郵便局のあり方を、日清戦争後の日本の対清政策と関連づけて検討する。この在清郵便局を管轄していたのは、逓信省である。本稿は、在清郵便局を通信利権として捉え、これを運用する逓信省が対清政策に積極化していく過程を明らかにする。 在清郵便局は、上海郵便局を嚆矢として各地に設置された。日清戦争以前の在清郵便局は、設置地への勢力伸長を狙ったものではなく、上海と朝鮮半島が重視されていた。また、領事館に依存した運営体制が確立した。 日清戦争後、清が郵便事業を開始すると、総税務司R.ハートは外国郵便局の業務を規制し、以降日本は在清郵便局をめぐって清の郵便行政と対峙することとなる。日本側では、居留民の請願と領事の要請により、華中・華南へ郵便局が設置された。このような在清郵便局の増設は政府の対清政策に則っていたが、一方で逓信省は清国の郵便行政への介入を構想し始める。しかしこれは、省内で具体的な方針として確立したわけではなかった。 このような状況は、北清事変を契機に大きく変化する。逓信省は軍事行動の延長として、華北・東北地域へ在清郵便局を設置するとともに、在清郵便局の運営を領事館から自立させていった。さらに、下村宏北京局長は、清国郵便行政への介入策を対清政策として具体化した。 　1903年、日清間の郵便問題を解決すべく「日清郵便仮約定」が締結された。この条約の内容は、逓信省の意向を反映して在清郵便局の存在を前提として業務内容に限定されていた。在清郵便局の正当性という根本的な問題は議論されなかったのである。 このように、逓信省は軍事行動の延長で在清郵便局を設置・拡充し、曖昧な条約を根拠として利権を拡大していく方針をとったが、これは列強との協調関係を重んじる外務省との間に軋轢を生んだ。以上のように、逓信省は外務省から自立し、対清通信利権獲得に積極化していったのである。,https://doi.org/10.24471/shigaku.131.9_21
十六世紀における対馬と妙心寺派,本稿では、妙心寺派が対馬に流入する経緯を明らかにした上で、偽使派遣などの朝鮮通交を下支えする勢力としての実態を検討し、対馬における妙心寺派の展開過程を歴史的に位置づけたい。 一九八〇年代後半以降、日朝関係史において「偽使」研究が大いに進展し、十四世紀末期から十七世紀前半の日朝関係は「偽使の時代」とも評価された。特に、十五世紀中頃以降、対馬宗氏は偽使派遣体制による日朝通交の貿易権を独占するに至った。こうした状況下、宗氏の偽使派遣に携わる人的基盤であった禅僧勢力にかかる研究が蓄積されてきているが、『右武衛殿之使朝鮮渡海之雑藁』など三つの朝鮮渡海日記の記主とおぼしき「天荊」という対馬の外交僧、および彼が所属する妙心寺派と対馬とのかかわりを追究する研究は不十分であり、検討の余地が残されている。 第一章では、妙心寺派の対馬への流入の背景には、十五世紀後半、宗氏が幕府・将軍への接近の結果、対馬僧と京都との関係が深くなったことがあるとした。そして、十六世紀前半、対馬出身の禅僧が京都妙心寺で修行したことを契機として、妙心寺派が対馬に流入していく過程とその展開の大筋を明らかにした。 第二章では、天荊に注目し、妙心寺派僧の語録と対馬に残る史料をあわせて分析し、天荊と三玄宗三という対馬豊崎郡出身の妙心寺派僧は同一人物であったと結論付けた。そして、より視野を広げ、十六世紀後半、朝鮮・対馬・京都と妙心寺派との関係を検討し、天荊＝三玄に代表される妙心寺派僧のネットワークを通して、朝鮮・対馬・京都を結ぶ人・物・情報の交流がなされていたことを明らかにした。 以上の考察および近年の研究動向を考え合わせると、戦国期、地域権力と結びついて大いに発展した妙心寺派は、臨済宗幻住派とともに十六世紀前半から、対馬との関係を構築し、対馬の外交僧を輩出し、対馬の偽使派遣を支える人的基盤となっていたといえる。,https://doi.org/10.24471/shigaku.131.9_1
初期男子普通選挙における運動,本稿は日本の男子普通選挙期における選挙運動を分析した。静岡県を事例として、運動が行われていた空間的な範囲を明らかにし、なぜ運動がその範囲で行われるようになったかを明らかにした。 　分析では、候補者が開催した演説会の分布を取り上げた。演説会は、市において特に活発に展開され、郡部の地域ではさほど頻繁には開催されなかった。その背景には、男子普通選挙に入って積極的に用いられるようになった自動車の存在があった。市に対して郡では道路の整備が遅れており、自動車が通行困難であることが運動の展開を妨げていた。同様の事態は、選挙運動に関わる郵便を送る過程でも発生していた。   さらに道路の整備状況が郡と市で異なっていた原因を分析した。大正期における道路費の配分に関する県議会の議論を取り上げ、道路に関する予算が政党の党派的な削減の的となった経緯を分析した。大正期の中頃まで、選挙戦で候補を共に選定するなど、郡と市は政治的に一体だった。次第に市が経済的に発展し郡がそれから取り残されると、市と郡は対立的な関係に陥った。その中にあって道路は、郡部の農村が域外の市場と結びつき経済的に発展をもたらしうる手段となっていた。政党は郡と市の対立に乗じて、道路に関する予算の党派的な削減を行った。これは郡の交通を寸断し、運動の展開を妨げた。他方、このことは郡でどぶ板的な選挙が重視される一因となり、有権者と身体的に接触することの意味を再定義することにもなった。,https://doi.org/10.24471/shigaku.131.8_60
平安時代の除目における蔵人の役割,本稿は、蔵人が平安時代の任官のなかでどのような役割を果たしたかについて、「申文を選ぶ」という政務を通じて明らかにしていくことを目的としたものである。 　玉井力氏の研究によれば、10世紀には、相対的に重要性の高い官職を望む申文(申請文書)は、その多くが蔵人方に提出されるようになった。その頃から、蔵人がそれらの申請文書を整理する作業は行われていたと推測できるが、「申文を撰ぶ」という表現が史料に現れるのは10世紀後半以後である。さらにこの政務は、11世紀半ばの後朱雀天皇の時代に申文撰定儀として整備された。蔵人は提出された申文を関白に内覧、天皇に奏覧した後、清涼殿東庇の昼御座で、申文を撰ぶ作業を行う。この作業では、申文を、希望する官職ごと、あるいは申請方式ごとに分類、整理し、申請文書の束に短冊を付けて、任官会議における天皇御座の前に置かれた硯箱の蓋に積むと同時に、申文目録を作成して天皇と関白に進上した。 しかし、蔵人による申文の選定では、単に申文の分類、整理にとどまらず、受領や顕官、さらには京官の判官・主典などの申文について、一定の基準に基づいた選抜が行われていた。このような選抜は、かつて外記方に多くの申請文書が提出されていた時代には、外記方でも行われていたと推測できるが、10世紀以後は蔵人が、天皇から執筆大臣(任官会議の議長)に申文が下される直前の段階で、すなわち任官の確定により直結した形でその役割を担うことになった。すなわち、蔵人の「申文を選ぶ」という政務は、官僚の人事という重要な側面で、太政官の機能を大幅に吸収したものだったと評価できるのである。,https://doi.org/10.24471/shigaku.131.8_37
歓待と差別,本稿は、近世フランス王国で外国人の処遇に関する規範的言説がどのように変化したのかを明らかにするために、宗教戦争期から「啓蒙の世紀」にかけての主要な法学者や哲学者の著作を外国人遺産取得権（外国人の死後財産を国王が取得する権能）に関する記述を中心に分析した。最初に「外国人」という個人のカテゴリーが中世末期から十六世紀にかけていかにして形成されたのかを確認したうえで、十六世紀後半から十七世紀前半にかけて外国人差別法の強化がいかなる法的・政治的理念によって正当化されたのかを分析し、最後にこうした思考の枠組みが自然法思想や啓蒙哲学の発展を背景にいかなる修正を求められるようになったのかを考察した。 その結果、以下の結論が得られた。まず、外国人嫌悪の風潮を背景に、王国外での生まれが生来的な欠陥や政治的忠誠の欠如に結び付けられ、外国人はフランス人とは本質的に異なる「自然的」カテゴリーとみなされた。そのため、外国人差別は「自然」で歓待とは矛盾しないと考えられ、外国人差別法はフランス人に適した法として支持された。しかし、こうした国民主義的な言説は人間共通の本性とそれに基づく権利を主張する自然法思想の発展のなかで異議申し立ての対象となる。相続能力が君主から与えられる特権ではなく人間の基本的な権利であり、国内の実定法だけでなく自然法・国際法にも属すとみなされるようになったことで、啓蒙期には外国人の権利を尊重しない制度はもはや歓待や文明性と両立しなくなるばかりか、国家の繁栄や人類の幸福を阻害する野蛮で不合理なものとして批判された。このように、近世フランス王国の外国人の処遇をめぐる言説の変容は、ルネサンス以降のヨーロッパにおける国家と法、人間と自然の関係に関する法的・政治的思想の変化のなかで理解できる。,https://doi.org/10.24471/shigaku.131.8_1
「昭和の大合併」後の都市開発と地方自治,「昭和の大合併」後、基礎自治体は都市部と農村部双方を抱え込み、旧町村間対立も相まって域内の一体性をどのように担保するかが大きな問題となっていた。高度経済成長期には開発と福祉をめぐって地方自治は新たな段階に入るが、各自治体は合併後の混乱をどのように乗り越え、高度成長に対応したのか。従来の研究では、合併後の町村間対立と高度成長期における地方自治の変容の関連性については本格的な論点となっていなかった。本論は埼玉県戸田町の都市開発を事例に、「昭和の大合併」後における自治体の一体性確保の試みと高度成長への対応を分析する。  1950年代の戸田町では、市街地化が進んでいた旧戸田町と開発が遅れる旧美笹村の旧町村間対立が展開していた。この状況を打破するため、戸田町は全域を対象にした都市計画を実施し、町内の一体性を担保しようとした。その契機となったのが、戸田漕艇場のオリンピック競技会場指定である。会場整備を名目に都市計画を推進し、合併後の町内対立を一挙に解決しようとしたのである。一方、首都圏整備委員会は戸田町をグリーンベルトに組み込み、開発抑制と競技場の国立公園化を推進した。両者の対立は最終的に戸田町の勝利に終わり、グリーンベルト構想も後退を余儀なくされる。  グリーンベルト反対論は東部の新住民を基盤にした改革派町議によって推進された。彼らは旧住民のコミュニティに立脚した旧来の町政からの脱却を掲げ、計画性や住民参加を重視した町政改革を推進した。  戸田町の事例からは、「昭和の大合併」後の町村間対立を都市計画によってコントロールしようとする方向性が見受けられる。「昭和の大合併」後、基礎自治体が集落連合的な性格を払拭しようとする傾向を強めた結果、計画性や住民参加を軸にした高度成長期の新たな地方自治が準備されたと言えよう。,https://doi.org/10.24471/shigaku.131.7_40
日本再軍備をめぐる地域社会の葛藤,一九五〇年に朝鮮戦争が勃発し、日本再軍備の起点となる警察予備隊（のち保安隊・自衛隊）が創設された。本稿は、長野県松本市が地域振興の目的で警察予備隊の部隊を誘致したものの、それに不可欠な演習地の確保をめぐって県内の他の自治体と軋轢を重ねていく過程を追究し、日本再軍備が国内の地域社会の内奥にもたらした複雑な影響について解明することを目的とする。  当初は松本の部隊は、旧陸軍飛行場や高原などを演習地として借用していたが、農地を荒らすことなどからいずれの地点でも拒絶され続けた。とはいえ、一部では道路整備の便宜のために部隊の演習を受け入れようとする地域もあった。また、演習に適した浅間山麓を擁する軽井沢町では、観光地化への道との間で揺れつつも、部隊への物資納入による経済効果に期待して、一時的ながら演習を呼び込もうとする動きも見せ、常駐部隊を誘致する思惑さえあった。  一九五三年になると、松本部隊や松本市は、旧陸軍の演習地で戦後は開拓地となっていた有明原を買収し、演習地化することを画策する。開拓民の間では反対派と賛成派が生まれ、前者は地元有明村のほか社会党や労働組合等の革新勢力の支援を受けて反対運動を展開する。他方で、賛成派は松本市と結託して演習地化を実現させようとする。したがって、反対運動としては防衛当局や松本部隊などの国家機関のみならず、同県内での松本市の動きとも対峙する必要があった。結局のところ有明原の演習地化は農林省の許可が得られずに実現しなかったが、警察予備隊の創設に始まる日本再軍備の過程は、農民の生活権を掲げて演習地化や再軍備に反対する勢力のみならず、多様な思惑から部隊を受容していこうとする動向も芽生えさせており、それらの間での確執が続くのであった。,https://doi.org/10.24471/shigaku.131.7_1
日中戦争の開始前後における国策研究会と大蔵公望の動向,本稿は、日中戦争勃発の前後に当たる一九三六年末から一九三八年における国策研究会と大蔵公望の動向について、主に同会の会誌や大蔵日記を元に検討し、以下のことを明らかにした。  国研について、第一に、国研の積極的な政治協力が見られるのは第一次近衛内閣期からであり、第二に、それが戦時政策・「革新」政策への民間の意向を把握し政策の実現や妥協を円滑に進めるための役割を担ったこと（「民智総動員」）、第三に、一方で前身の国策研究同志会から唱えられていた指導精神としての「国策」樹立には成功しなかったことである。  大蔵について、大蔵は個人の動向としても国研の掲げる「国策」研究を通じた「挙国一致」実現の方針に忠実であり、特定の政治勢力に与しない中立的傾向を持ち、関係各方面からの意見聴取や国研での集団的検討を元にした政策立案・提供に専念していた。反面、政局への関心や情報把握は弱く、通説的には宇垣側近とも見なされるものの、宇垣をめぐる政局への関与も政策提供以外にはほとんど確認できない。  以上の実証的成果を踏まえ本稿では、当該期の国研が官僚出身者や利害関係者（例えば統制経済下の財界人）など〝実務家層〟を中心とした、戦時政策の立案・遂行を円滑化する「官民一致」の調整機関としての機能を獲得したと評価した。国研の「挙国一致」的志向や中立性については、従来筆者や高杉洋平氏の研究により指摘されていたが、これにより、その性格が戦時体制の開始時期においていかなる役割を得たかが明らかになった。  また、これを元に、総力戦体制における統制政策や国家総動員の立案・遂行過程、あるいは近年再評価されつつある戦時議会が持った重要性の軽重について、国研が有用な検討対象となり得ることを展望として示した。,https://doi.org/10.24471/shigaku.131.6_35
議員職の兼任と「議会政治」,近現代フランス議会のひとつの「伝統」に議員職の兼任がある。このようにフランス近現代の議会政治の大きな特質をなす議員職の兼任は、しかし、これまで十分な歴史研究の対象となってこなかった。また、数少ないこれまでの研究も全国的な「上から」の俯瞰で兼任をとらえ、それゆえの課題を残している。これに対して本稿は、兼任が本格化・定着する第三共和政期のブーシュ＝デュ＝ローヌ県を舞台に、議員たちが複数の議員職を兼ねることになった際の行動を分析し、複数の議会での兼任議員の活動に着目する。こうしたローカルな「下から」の視点を導入することで、兼任の実践のあり方と議会政治における兼任の意味も明らかになると考える。  　兼任という状況が発生する瞬間に目を向けると、その決定は議員や候補者と後援会や有権者たちとの関係のなかでなされていたことがわかる。また、兼任議員たちは、単に同時に複数の議会に在籍していただけでなく、政治的意図の実現のために複数の議会の政治的構成の差異を利用していた。「下から」兼任の実践をとらえると、「上から」の俯瞰では明らかにされてこなかった兼任の複雑な姿が浮かびあがってくる。  　以上が本稿の結論であるが、この知見をより大きな文脈に位置づけなければならない。上記の結論からは、兼任をめぐって、選挙における各主体が、ローカルな関係性のなかで、複数の議会での政治状況に共時的に目配りをしなければならなかったことがわかる。つまり、彼らにとって各議会は、ある程度自律しつつ、ひとつの政治的世界のなかでとらえられていた。また、兼任議員たちが同時に複数の議会を政治的に利用していたように、議員職の兼任とは、複数の議会を政治的実践が展開されるひとつの政治的「舞台」としてつなぎあわせてもいた。「議会政治」における兼任の役割とは、こうした認識上そして実践上での「議会政治」の空間の創造であったといえる。,https://doi.org/10.24471/shigaku.131.6_1
インドシナにおける科学の始動,インドシナとフランスでの植民地科学の制度化は一八九〇年代後半にほぼ同時に起こった。本論はこれら植民地科学の相互作用をギョーム・キャピュに焦点を当てて考察する。キャピュはフランス領インドシナの科学ネットワーク形成においてキー・パーソンとなった。フランスの「帝国と科学」に関する先行研究では、本国の内部で形成された植民地科学者のネットワーク形成に焦点が当てられてきた。しかし、本論はキャピュに焦点を当てることで植民地の側から植民地科学の制度化を明らかにする。 　キャピュは国立自然史博物館とソルボンヌ大学で学んだ科学者だった。彼はまた、一八八〇年代に中央アジアの探検家としてもパリで知られていた。キャピュは一八九七年にインドシナ総督のポール・ドゥメールから招聘され、インドシナで農商務局を設立した。同局は農業部、地質部、気象観測所、森林部、獣疫医務部といった部署や、商業部門、出版室、博物館、植物園、農業試験場、農学校、研究所を有する多様な組織だった。キャピュは研究の成果、とりわけ作物の順化に関する研究成果を植民地行政に組み込み、植民者や現地人に還元しようとした。 　また彼は、パリ万国博覧会やハノイ博覧会の準備、パリ・植民地事務所の設置、ニャチャン・パスツール研究所のサポート、ハノイ医学校の運営、インドシナ美術・工芸学校の設立準備などを通じて、ドゥメールが進める事業にも積極的に関わった。さらにキャピュは、ドゥメールと共にフランス植民地協会の植民地農業キャンペーンやナンシー国立林学校の植民地研究部門の創設に関わり、フランス本国の植民地科学の創設において重要な役割を担った。 ギョーム・キャピュはインドシナの植民地統治に自然科学を組み込むと同時に、インドシナとフランスを結ぶ植民地科学ネットワークの形成に寄与した。一九〇二年にドゥメールが帰国して有力な後ろ盾を失った後、一九〇九年に農商務局が解体されるまで、キャピュはインドシナで政治的な圧力から科学研究を守り続けた。また、一九一〇年代から一九二〇年代にかけて、彼は植民地科学アカデミーや植民地科学協会の委員、植民地省顧問、ノジャン国立植民地研究所の教授を歴任し、フランスの植民地科学者ネットワークの形成で重要な役割を担った。ギョーム・キャピュはフランス帝国の世紀末転換期における植民地科学者ネットワーク形成のハブだったのである。,https://doi.org/10.24471/shigaku.131.4_27
室町幕府山城国支配の展開と山城守護,室町幕府にとって、都市京都、及び京都を包含する山城一国の支配を実現することは、政権の存立基盤を維持してゆくうえで重要な意味を持った。そのため、当該地域の支配の様相を探ることは室町幕府論に不可欠な課題といえる。しかし、京都支配に比して山城国支配に関する研究は停滞著しく、基礎的な点を含め、改めて総合的な検討を行う必要がある。そこで本稿では、領域支配の担い手であった山城守護を通じた幕府の山城国支配の展開を論じるとともに、同国を拠点とした室町幕府の特質に迫ることを目指した。 　本論では、幕府開創期から応仁・文明の乱前後を主な検討期間として山城守護の機構や支配方式の展開を跡づけた。14世紀中葉以降、山城国では幕府の軍事統括者であった侍所が所領問題の対処にあたっていたが、14世紀末に幕府による隣国大和国に対する統制の実現を契機に、侍所権限の分割と山城守護の新設が行われ、国内支配機構の充実が図られた。また、足利義満の権勢が確立すると、義満は将軍直臣（結城満藤・高師英）を山城守護に任じ、彼らを手足として諸勢力との取次や諸役の徴収を担わせた。その後、15世紀前半には在京大名が守護職を巡役で担当する仕組みが定着する。しかし、15世紀中葉を境に、畠山氏が独自に守護権を行使して国内支配を進めたことで、幕府による国内支配の体制は衰退へと転じた。 　以上からは、①将軍の直臣か、あるいは大名かという守護就任者の属性の違いが、幕府による山城国支配の方式に大きな影響を及ぼしたこと、②幕府の山城国支配は国内寺社本所領の保護を基調とし、守護自身による恣意的な国内支配は、15世紀中葉以降に本格的に進展したことなどが明らかとなる。このような幕府の山城国支配の様態からは、公家・武家・寺社勢力が並立する同国を拠点としたことで、彼らの間の複雑な利害関係を丸抱えする形で政権を成り立たせることとなった幕府権力の特質が見て取れる。,https://doi.org/10.24471/shigaku.131.4_1
天保期宿駅・助郷助成金政策の背景,本論文は、天保期に計画された幕府の宿駅・助郷助成金政策の背景を考察したものである。そして、本論文を考察するに際しては、主に以下の二つの課題を設定した。 まず、本政策を近世中期から後期にいたる幕府の公金貸付・御用金政策の展開事例の一つとして位置付けることを第一の課題として設定した。 　加えて、近世中期から後期に至るまでの幕府が挙行した大規模通行を本政策と関連付け、本政策の直接的な背景を探ることを第二の課題に設定した。その際には、特に天保二年（一八三一）に計画・実施された後の徳川幕府一三代将軍である徳川家定の正室が婚姻のために京都より下向した「有君下向」に注目して、考察を加えた。 　結果として、本論文では実務を担った役人の継続性と、近世を通じた大規模通行の趨勢から天保三年の助成金賦課政策が天保二年の「有君下向」を契機としたものであったと結論付けた。さらに、信州地域の地域史料を参照していく中で、第一の課題であった幕府の公金貸付政策との関連も考察を加えた。そこでは、先行研究で言及されている、近世中期以降の幕府の公金貸付政策の展開とその行き詰まりの顕在化という縮図が、信州地域の宿駅にもあらわれ始めていたことを明らかにした。そして、このような宿駅の窮乏という状況は全国的にみられる趨勢であり、そのような状況を打破するために公金貸付の量的拡大を企図して幕領・私領を問わない貸付元金の収集政策が本政策であったと結論付けた。以上の考察から、本政策は近世中期以降の幕府の経済政策の特徴を引き継いだものであると同時に、その政策の行き詰まりの一つの帰結であると位置付けた。 　本論文によって、近世中後期以降の幕府の経済政策・交通政策などが有機的な関係性を有していた点を明らかにできたものと考える。,https://doi.org/10.24471/shigaku.131.3_37
「嘘つき首相」を燃やせ！,本稿は、1842年にイギリス各地で同時多発的に発生した首相ロバート・ピールの人形燃やし（effigy burning）を扱う。ピールの穀物法政策への不満に起因するこの現象を分析することは、19世紀後半以降のイギリス国家を特徴付けることとなる自由貿易の興隆に、当時の民衆がどのように関与したのかを理解する重要な作業である。にもかかわらずピールの人形燃やしは、反穀物法同盟に代表されるリスペクタブルな改革団体の役割や、1846年に穀物法を撤廃したピール本人の「英断」を強調する先行研究の間で過小評価されてきた。これに対し本稿は、新聞史料や内務省文書を渉猟することにより、人形燃やしの実態を可能な限り再構成した。その結果、本稿はピールの人形燃やしが従来想定されていたよりもはるかに広範囲で、かつ儀礼的な筋書きに沿って行われたことと、その盛衰が議会政治における穀物法案審議の動向と連動していたことを明らかにした。ピールの人形燃やしにおいては、民衆的急進主義とポリティカル・エコノミー論という二つの思潮に支えられた反穀物法感情が、ラフ・ミュージックに代表される民衆制裁儀礼の形態をとって表出した。たとえ議会政治や世論に決定的影響を与えるまでには至らなかったにせよ、1840年代初頭という社会的・政治的危機の状況下において、民衆が公然と不満を表明するこうした伝統的抗議形態は、結社や集会に依拠する「洗練された」抗議形態と緊張関係を孕みつつも共存することができた。そのような旧来の抗議形態に接木されることによって、自由貿易という新たな理念は民衆層へと浸透しえたのである。本稿の意義は、価値規範としての自由貿易の勃興を主張するフランク・トレントマンらの自由貿易国民論を、既存の民衆政治文化との関係性という視角から捉え直した点にある。,https://doi.org/10.24471/shigaku.131.3_1
昭和恐慌後における社会大衆党の経済政策,一九三四年一〇月に陸軍省新聞班が発行した『国防の本義と其強化の提唱』をめぐる一連の騒動（陸軍パンフレット問題）は、従来、陸軍による政治介入と評価されてきた。また、これに熱烈な賛辞を送った社会大衆党幹部の麻生久の動向については、そのような評価と連動して、親軍化路線ありきのパフォーマンス的な礼賛と見なされがちであった。  これに対して本稿では、社会大衆党独自の経済政策論である「大衆インフレ」論の形成・展開過程に注目し、陸軍の「広義国防」論がその文脈にどのように定位されたのかを問うことで、麻生の言動がいかなる構造的背景に裏打ちされていたのかを分析した。その結果、①「大衆インフレ」論は党幹部が立案したものだったが、地域主導型の恐慌克服（「自力更生」）を望む地方党員にとっても魅力的なものであり、一九三三年末の第二回党大会を経て統一的な党是になっていたこと、②陸軍将・佐官クラスが労働者・農民の動員に一九三四年初頭段階で関心を持っていたことを前提に、党幹部は水面下で陸軍統制派と接触し、「広義国防」論の形成にも関与したこと、③陸軍パンフレットの発行は上記①②の動きをエンカウントさせるものであり、これに対する麻生の激賞は党幹部の専行ではなく「大衆インフレ」論に根ざした挙党的な態度であったこと、などが明らかになった。これらの新事実は、社会大衆党が、麻生らのリーダーシップを前提にしつつも、統一無産政党として一定の凝集性を有していたことを示唆する。   このような社会大衆党の凝集性は、より巨視的に見れば、昭和恐慌後における地域社会の大衆化状況に支えられていた。社会大衆党の陸軍パンフレット支持は、労働者・農民の経済的要求を名望家秩序→議会→内閣というチャネルによらずに代弁するための一つの選択肢でもあったといえよう。,https://doi.org/10.24471/shigaku.131.2_39
D.B.マッカーティと「琉球処分」問題,本稿は、一八七七年から一八八〇年にかけて、清朝駐日公使館に勤務した米国人館員のマッカーティ（Divie B. McCartee）に焦点を当て、琉球問題をめぐる彼の私的活動を考察したものである。  　マッカーティは、公使館の中で主に事務と翻訳作業を担当していた。しかしながら、明治政府が一八七九年に「琉球処分」を断行すると、彼は清と琉球との旧来の「宗属関係」を復活させるべく、個人的な活動の中でいくつかの対抗策を模索し、用意することとなった。   　本稿が明らかにしたのは、以下の二点である。第一に、マッカーティは琉球を二つ、また三つに分割する案の考案・具体化に深く関わり、両案をこの問題の調停に当たった元米国大統領グラント（Ulysses S. Grant）に提示したという点である。日本側は、二分割案はグラントの支持を得たものであると考え、一八八〇年の日清交渉において、実際の解決策として清朝側に提案した。第二に、マッカーティは、明治政府の「琉球処分」を正当化しようとする作意を徹底的に批判した論説を英字紙『ジャパン・ガゼット』（Japan Gazette）に匿名で発表したという点である。この論説は、明治政府の歴史認識の不備を指弾して話題を呼んだばかりでなく、一八八〇年に日本側が二分割案を妥協策として清朝側に提示することとなった要因の一つと考えられる。  　清朝駐日公使館の下級館員だったマッカーティは、従来ほとんど注目されることはなかったが、私的活動を通じて清琉間の旧来の「宗属関係」の復活のために尽力し、琉球問題をめぐる外交に「透明」な足跡を残した。本稿の考察によって、「外交」のプロセスを、代表者というアクター、公文書という媒体、そして交渉現場という「公」的場に押し込めるのではなく、より広い意味で捉える視野の有効性がはっきりと示されるだろう。,https://doi.org/10.24471/shigaku.131.2_1
多宗派時代の市民権,本稿は一七世紀のオランダ共和国、中でもユトレヒト市における宗派共存を、カトリックと市民権に着目しながら論じる。近世を通じて恒常的な財政難に悩まされていたユトレヒトは、一五八〇年に公認宗派を改革派に限定しカトリックの信仰実践と集会を非合法化したが、一六三〇年代半ばまでにオランダ共和国における改革派とカトリック双方の拠点となった。中世以来、他都市と比べてより選択的・排他的であったユトレヒト市民権の獲得条件に、カトリック差別が導入されたのは一七世紀半ばのことであった。都市共同体の宗教的浄化を目指す改革派教会が提案した、カトリックから市民権の獲得権利を奪う方策を、市参事会は経済政策の一環として採用し、経済的に有用なカトリックには市民権を付与する余地を法文の中に設けた。実際、一六五五～七九年に一三一名のカトリックが市民権を申請し、そのうち一一〇人がその獲得に成功していた。彼らに市民権取得を可能にさせていたのは、申請時点で既に存在した自身と都市共同体の繋がりであった。特に、カトリックの社会経済的名士は同宗派の市民権志願者の庇護者・身元保証人としてなくてはならない役割を果たしていた。また、カトリックは市民性を独自の仕方で認識し、市民としての権利や良心の自由を言説的に奪用することで、司法当局を非難し、公権力に市民を保護する役割を思い出させようともしていた。改革派教会がカトリックを都市の公的秩序に仇なす内なる「敵」として表象していたのに対して、一部のカトリックは自らや同宗派人を改革派同様の「良き愛国者」・「良き市民」であると表象した。加えて、宗派的帰属意識と市民的帰属意識が分かちがたく結びついたままのカトリックも存在した。このように、改革派教会、為政者、そしてカトリックは、それぞれ相反する都市共同体観を持ちながら、宗教改革後のユトレヒトを多宗派都市へと再編していく過程に参与していたのである。,https://doi.org/10.24471/shigaku.131.1_1
